colour,id,dayofweek-month-dayofmonth,daynumber,unixtimeint,hour
#8A4F4F,1152752267889674358_180081473,FriJan1,1,1451638800,01
#6A3535,1152752284005479338_370002731,FriJan1,1,1451638802,01
#100F0F,1152752377839471286_175511777,FriJan1,1,1451638813,01
#8E8080,1152752603133755708_838238183,FriJan1,1,1451638840,01
#4A4040,1152752623963036137_401238541,FriJan1,1,1451638843,01
#2A5151,1152752641471114238_1814239569,FriJan1,1,1451638845,01
#341B1B,1152752779207802685_36480414,FriJan1,1,1451638861,01
#180D0D,1152752809626559044_2065202039,FriJan1,1,1451638865,01
#5C4545,1152752829289390563_570491975,FriJan1,1,1451638867,01
#2B1818,1152752833964670592_192619734,FriJan1,1,1451638868,01
#99A7A7,1152752869377183657_286525642,FriJan1,1,1451638872,01
#4D3737,1152752895880375441_1549744138,FriJan1,1,1451638875,01
#173131,1152752962558220339_2226351013,FriJan1,1,1451638883,01
#986A6A,1152753086784463099_4820375,FriJan1,1,1451638898,01
#5D2828,1152753155161012948_16566357,FriJan1,1,1451638906,01
#7C7070,1152753189901584336_15154624,FriJan1,1,1451638910,01
#070505,1152753288061676586_50131306,FriJan1,1,1451638922,01
#442D2D,1152753431216172198_1549744138,FriJan1,1,1451638939,01
#402F2F,1152753460715471124_685920783,FriJan1,1,1451638942,01
#201313,1152753571880673835_307805167,FriJan1,1,1451638955,01
#542E2E,1152753585012338422_39883578,FriJan1,1,1451638957,01
#AAABAB,1152753627516214985_1436212406,FriJan1,1,1451638962,01
#392D2D,1152753680005486102_2709116,FriJan1,1,1451638968,01
#505050,1152753693736482952_232882989,FriJan1,1,1451638970,01
#302B2B,1152753707469783552_1432734111,FriJan1,1,1451638972,01
#534444,1152753748478126025_34165632,FriJan1,1,1451638977,01
#6D6767,1152753778133785024_23592517,FriJan1,1,1451638980,01
#5C5C5C,1152753795885698313_207959098,FriJan1,1,1451638982,01
#575050,1152753829764932015_512276799,FriJan1,1,1451638986,01
#503B3B,1152753913649482243_53740305,FriJan1,1,1451638996,01
#713838,1152753963956768191_2079331090,FriJan1,1,1451639002,01
#554646,1152754024006347010_348779921,FriJan1,1,1451639009,01
#332323,1152754056401750033_1533983553,FriJan1,1,1451639013,01
#766161,1152754158471754054_10561035,FriJan1,1,1451639025,01
#B7A9A9,1152754211059819322_556045919,FriJan1,1,1451639032,01
#8C6B6B,1152754242030299706_31035665,FriJan1,1,1451639035,01
#080606,1152754241924295161_2268148641,FriJan1,1,1451639035,01
#5F3939,1152754260159242681_512276799,FriJan1,1,1451639038,01
#ECE1E1,1152754308907121775_2375973438,FriJan1,1,1451639043,01
#928383,1152754312528547316_15746042,FriJan1,1,1451639044,01
#3A3434,1152754384099907046_314640804,FriJan1,1,1451639052,01
#1F2A2A,1152754378940711306_2260607,FriJan1,1,1451639052,01
#8A6F6F,1152754433554465556_1546344431,FriJan1,1,1451639058,01
#916868,1152754438407192271_9825254,FriJan1,1,1451639059,01
#9D7474,1152754474750559552_1353459080,FriJan1,1,1451639063,01
#655555,1152754499990103516_1837682344,FriJan1,1,1451639066,01
#5B3B3B,1152754514410293559_25382513,FriJan1,1,1451639068,01
#7A5252,1152754511706707023_184980116,FriJan1,1,1451639068,01
#201A1A,1152754543392203204_512276799,FriJan1,1,1451639071,01
#574242,1152754680704491976_1047445983,FriJan1,1,1451639088,01
#5E4D4D,1152754721660295722_401238541,FriJan1,1,1451639093,01
#7C3232,1152754768962925508_231982827,FriJan1,1,1451639098,01
#242929,1152754765970150779_240339740,FriJan1,1,1451639098,01
#171111,1152754772912857465_586751751,FriJan1,1,1451639099,01
#575050,1152754822472802766_512276799,FriJan1,1,1451639105,01
#0C0909,1152754872094040986_6444359,FriJan1,1,1451639111,01
#533B3B,1152754960632395684_1479451036,FriJan1,1,1451639121,01
#545454,1152754975741794793_23592517,FriJan1,1,1451639123,01
#503434,1152754986036276439_1549744138,FriJan1,1,1451639124,01
#7B8D8D,1152755055674879334_7840602,FriJan1,1,1451639132,01
#5F2929,1152755228004212933_220042711,FriJan1,1,1451639153,01
#452525,1152755249682314965_1284204604,FriJan1,1,1451639156,01
#514848,1152755264156844660_34505495,FriJan1,1,1451639157,01
#292222,1152755276759678286_19403566,FriJan1,1,1451639159,01
#513737,1152755291093389248_402901202,FriJan1,1,1451639160,01
#8C8989,1152755323308722937_42154209,FriJan1,1,1451639164,01
#9E7D7D,1152755504719557223_32773035,FriJan1,1,1451639186,01
#2B2626,1152755550363668814_6954691,FriJan1,1,1451639191,01
#1D2828,1152755626084086169_1698586227,FriJan1,1,1451639200,01
#443838,1152755717514448536_270284082,FriJan1,1,1451639211,01
#6E3535,1152755759655556588_2308765900,FriJan1,1,1451639216,01
#2D1818,1152755835196895451_1516217779,FriJan1,1,1451639225,01
#4C4C4C,1152755841989053799_3090226,FriJan1,1,1451639226,01
#206D6D,1152755840755741003_36785043,FriJan1,1,1451639226,01
#868282,1152755858701254869_1691502271,FriJan1,1,1451639228,01
#727272,1152756023628927209_201691539,FriJan1,1,1451639248,01
#974343,1152756137546519376_38381827,FriJan1,1,1451639261,01
#9B7676,1152756201353508691_1928499988,FriJan1,1,1451639269,01
#656565,1152756357788734544_181606156,FriJan1,1,1451639288,01
#7D5D5D,1152756482444419909_187187103,FriJan1,1,1451639303,01
#665050,1152756512923050224_1159855,FriJan1,1,1451639306,01
#616767,1152756643699568223_263913018,FriJan1,1,1451639322,01
#6C6C6C,1152756705070067306_53207474,FriJan1,1,1451639329,01
#896565,1152756794625641985_2000481298,FriJan1,1,1451639340,01
#442929,1152757031761926886_2394145053,FriJan1,1,1451639368,01
#655858,1152757098243283740_30981653,FriJan1,1,1451639376,01
#6A4646,1152757105968151784_438240638,FriJan1,1,1451639377,01
#101010,1152757127654499480_511562392,FriJan1,1,1451639379,01
#141010,1152757237849193579_944286,FriJan1,1,1451639393,01
#665959,1152757308958640949_1531948521,FriJan1,1,1451639401,01
#4A3535,1152757318453075452_3897086,FriJan1,1,1451639402,01
#362929,1152757340044520696_287206274,FriJan1,1,1451639405,01
#8F9090,1152757377796360885_12849305,FriJan1,1,1451639409,01
#364444,1152757465935957275_4569786,FriJan1,1,1451639420,01
#9F8282,1152757485208196265_184980116,FriJan1,1,1451639422,01
#948A8A,1152757729689656201_640223893,FriJan1,1,1451639451,01
#798080,1152757813993930808_1418392687,FriJan1,1,1451639461,01
#110C0C,1152757828546316657_296040881,FriJan1,1,1451639463,01
#6B6060,1152757938675934529_1028884760,FriJan1,1,1451639476,01
#353E3E,1152758001305227652_290179707,FriJan1,1,1451639483,01
#896363,1152758081659639886_192279645,FriJan1,1,1451639493,01
#563737,1152758094477539334_620619749,FriJan1,1,1451639495,01
#694A4A,1152758108214985666_2054591727,FriJan1,1,1451639496,01
#808181,1152758164853481869_4820375,FriJan1,1,1451639503,01
#775252,1152758162278540156_11845727,FriJan1,1,1451639503,01
#764747,1152758268412215231_247866710,FriJan1,1,1451639515,01
#271E1E,1152758286944334090_11323355,FriJan1,1,1451639518,01
#020101,1152758317270249939_1598449427,FriJan1,1,1451639521,01
#221818,1152758384611416066_51941909,FriJan1,1,1451639529,01
#726262,1152758470452838472_53917687,FriJan1,1,1451639539,01
#AB7777,1152758496039294253_2190403860,FriJan1,1,1451639543,01
#171A1A,1152758508638655993_2305418540,FriJan1,1,1451639544,01
#A7B0B0,1152758516420757316_619361072,FriJan1,1,1451639545,01
#222828,1152758528241433742_1111532174,FriJan1,1,1451639546,01
#393232,1152758570754412488_843271698,FriJan1,1,1451639551,01
#302F2F,1152758642235944521_21168850,FriJan1,1,1451639560,01
#322828,1152758786969602053_211430545,FriJan1,1,1451639577,01
#070404,1152758805503294890_229058726,FriJan1,1,1451639579,01
#595C5C,1152758829642527181_537730619,FriJan1,1,1451639582,01
#597171,1152758838132954561_217171748,FriJan1,1,1451639583,01
#4E4848,1152758851964568716_280075576,FriJan1,1,1451639585,01
#1E0E0E,1152758988916681364_535525281,FriJan1,1,1451639601,01
#3C1F1F,1152758996383912872_1500551619,FriJan1,1,1451639602,01
#3F4444,1152759148825000823_232019845,FriJan1,1,1451639620,01
#BFC7C7,1152759146773274013_2242000054,FriJan1,1,1451639620,01
#8D4545,1152759251899362936_316485106,FriJan1,1,1451639633,01
#808080,1152759264575006774_13160553,FriJan1,1,1451639634,01
#7D3434,1152759400565333658_16363094,FriJan1,1,1451639650,01
#A88F8F,1152759451542596705_11532794,FriJan1,1,1451639656,01
#829898,1152759450042618339_1324039339,FriJan1,1,1451639656,01
#100606,1152759562943124537_11317612,FriJan1,1,1451639670,01
#5D5050,1152759661045742772_49545510,FriJan1,1,1451639681,01
#765656,1152759701289841308_1514604363,FriJan1,1,1451639686,01
#635353,1152759704969032143_10561035,FriJan1,1,1451639687,01
#442121,1152759736845753286_25451045,FriJan1,1,1451639690,01
#383030,1152759741051330033_476718862,FriJan1,1,1451639691,01
#171212,1152759755319547137_741663076,FriJan1,1,1451639693,01
#756A6A,1152759780308597822_1379112478,FriJan1,1,1451639696,01
#3B3232,1152759821050163682_537730619,FriJan1,1,1451639700,01
#191F1F,1152759941082887245_545748,FriJan1,1,1451639715,01
#708383,1152759948112434326_1268550644,FriJan1,1,1451639716,01
#231A1A,1152759981792877486_1173540821,FriJan1,1,1451639720,01
#6D8282,1152760036555111199_26927189,FriJan1,1,1451639726,01
#352626,1152760049622479984_395156,FriJan1,1,1451639728,01
#6B5151,1152760138663880057_1028884760,FriJan1,1,1451639738,01
#186262,1152760175478445849_18036796,FriJan1,1,1451639743,01
#4E3F3F,1152760226985340387_34372618,FriJan1,1,1451639749,01
#1D0E0E,1152760353728557617_229737363,FriJan1,1,1451639764,01
#954545,1152760392918471327_52850739,FriJan1,1,1451639769,01
#474A4A,1152760421057931652_618754713,FriJan1,1,1451639772,01
#050303,1152760468527970186_555713644,FriJan1,1,1451639778,01
#573E3E,1152760484842974954_272552826,FriJan1,1,1451639780,01
#3A3535,1152760532743454097_277599318,FriJan1,1,1451639785,01
#401818,1152760553887071065_1200310349,FriJan1,1,1451639788,01
#7F4343,1152760563436009821_226177989,FriJan1,1,1451639789,01
#231C1C,1152760569693424082_2205522513,FriJan1,1,1451639790,01
#595C5C,1152760579910278107_883327053,FriJan1,1,1451639791,01
#5C4040,1152760603441569273_270238270,FriJan1,1,1451639794,01
#2B2727,1152760668042788567_2352123806,FriJan1,1,1451639801,01
#768989,1152760674610835832_558198579,FriJan1,1,1451639802,01
#1D1C1C,1152760858890300872_620752138,FriJan1,1,1451639824,01
#120808,1152760896117275856_49545510,FriJan1,1,1451639829,01
#2E2525,1152761009526259548_592558822,FriJan1,1,1451639842,01
#7E5C5C,1152761018811968183_262588353,FriJan1,1,1451639843,01
#2B1818,1152761135337116368_1717002371,FriJan1,1,1451639857,01
#945B5B,1152761258412955954_27890597,FriJan1,1,1451639872,01
#686767,1152761258356301785_2089047614,FriJan1,1,1451639872,01
#705D5D,1152761339280365681_501496797,FriJan1,1,1451639881,01
#256767,1152761370879842772_27656397,FriJan1,1,1451639885,01
#494040,1152761366559906005_196481589,FriJan1,1,1451639885,01
#652929,1152761409852275438_195535381,FriJan1,1,1451639890,01
#8A7979,1152761416958546483_1266475,FriJan1,1,1451639891,01
#010000,1152761481608588866_320090538,FriJan1,1,1451639898,01
#190D0D,1152761500483885440_808331445,FriJan1,1,1451639901,01
#75A9A9,1152761670614745274_1074992911,FriJan1,1,1451639921,01
#1F1818,1152761698882549437_14261148,FriJan1,1,1451639924,01
#867575,1152761717020070095_15557467,FriJan1,1,1451639926,01
#2B2727,1152761756973427108_1397480921,FriJan1,1,1451639931,01
#5F3C3C,1152761782643532746_968171863,FriJan1,1,1451639934,01
#1D1A1A,1152761797356654193_298741378,FriJan1,1,1451639936,01
#363636,1152761856293835939_1607815228,FriJan1,1,1451639943,01
#1F1616,1152761879323403319_379388000,FriJan1,1,1451639946,01
#878888,1152761959785743133_901706839,FriJan1,1,1451639955,01
#544E4E,1152762021150276419_1454788661,FriJan1,1,1451639963,01
#1A1515,1152762044533979669_48145013,FriJan1,1,1451639966,01
#0E0B0B,1152762250809886456_246040048,FriJan1,1,1451639990,01
#251717,1152762284183303493_1010243500,FriJan1,1,1451639994,01
#8B4D4D,1152762342464079756_1511260304,FriJan1,1,1451640001,01
#592222,1152762341969444285_1600390590,FriJan1,1,1451640001,01
#645353,1152762350318182396_2089047614,FriJan1,1,1451640002,01
#4F4E4E,1152762365310211981_31939164,FriJan1,1,1451640004,01
#754E4E,1152762391961419644_1266004750,FriJan1,1,1451640007,01
#050303,1152762502027850490_493099267,FriJan1,1,1451640020,01
#404040,1152762569175413015_406099,FriJan1,1,1451640028,01
#796E6E,1152762668642764866_5794641,FriJan1,1,1451640040,01
#232626,1152762745336478135_659751389,FriJan1,1,1451640049,01
#5C2626,1152762751462546921_30973718,FriJan1,1,1451640050,01
#1E0E0E,1152762758803017976_188484147,FriJan1,1,1451640051,01
#535F5F,1152762938224507368_983646757,FriJan1,1,1451640072,01
#573636,1152763130383454932_2077382835,FriJan1,1,1451640095,01
#080808,1152763328561576965_1054640158,FriJan1,1,1451640119,01
#A06666,1152763359763075470_17714323,FriJan1,1,1451640122,01
#5A4D4D,1152763354596068859_7719690,FriJan1,1,1451640122,01
#6A5858,1152763402620956267_301934794,FriJan1,1,1451640127,01
#4D3939,1152763399287918327_50892098,FriJan1,1,1451640127,01
#506262,1152763427551571088_2079684474,FriJan1,1,1451640130,01
#5E5C5C,1152763467218678608_1096421915,FriJan1,1,1451640135,01
#391515,1152763475424963532_1549384089,FriJan1,1,1451640136,01
#A28686,1152763534506052604_9489209,FriJan1,1,1451640143,01
#8F7474,1152763557784800882_213914562,FriJan1,1,1451640146,01
#393030,1152763572052467721_276648239,FriJan1,1,1451640148,01
#615555,1152763657361435666_268485138,FriJan1,1,1451640158,01
#884E4E,1152763716377871255_7637655,FriJan1,1,1451640165,01
#231B1B,1152763731962771144_601676548,FriJan1,1,1451640167,01
#604E4E,1152763749754370832_242135925,FriJan1,1,1451640169,01
#0C0808,1152763935414465333_493099267,FriJan1,1,1451640191,01
#2E3B3B,1152764108478086634_1627412558,FriJan1,1,1451640212,01
#342727,1152764208521193557_12273113,FriJan1,1,1451640224,01
#592D2D,1152764232719741579_20890587,FriJan1,1,1451640226,01
#372F2F,1152764287835256349_144572892,FriJan1,1,1451640233,01
#684949,1152764284278746394_297053146,FriJan1,1,1451640233,01
#292222,1152764305718834822_2034906980,FriJan1,1,1451640235,01
#8C8383,1152764305585776728_716308113,FriJan1,1,1451640235,01
#585F5F,1152764326948726845_180835345,FriJan1,1,1451640238,01
#B78787,1152764431279118647_196481589,FriJan1,1,1451640250,01
#071313,1152764507052102118_1608825307,FriJan1,1,1451640259,01
#771313,1152764577276767988_250743850,FriJan1,1,1451640267,01
#5C1F1F,1152764705015648754_9696075,FriJan1,1,1451640283,01
#563535,1152764756069221341_8931567,FriJan1,1,1451640289,01
#8A8D8D,1152764789004834719_8568460,FriJan1,1,1451640293,01
#553F3F,1152764787210528882_10364297,FriJan1,1,1451640293,01
#0B0606,1152764869307019487_312486547,FriJan1,1,1451640302,01
#6A5454,1152764905864551114_30666525,FriJan1,1,1451640307,01
#2F2E2E,1152764983990475465_215034277,FriJan1,1,1451640316,01
#1E1E1E,1152764983788518308_1454788661,FriJan1,1,1451640316,01
#4E4E4E,1152764994768061989_368487544,FriJan1,1,1451640317,01
#0D0B0B,1152765113401584932_31634330,FriJan1,1,1451640331,01
#0C0B0B,1152765121921195895_210071190,FriJan1,1,1451640332,01
#4B3030,1152765128163992255_284692823,FriJan1,1,1451640333,01
#705E5E,1152765153564253292_45182390,FriJan1,1,1451640336,01
#563636,1152765310273680842_45714188,FriJan1,1,1451640355,01
#735353,1152765522150116796_43056234,FriJan1,1,1451640380,01
#060404,1152765655800212512_537578962,FriJan1,1,1451640396,01
#243131,1152765653586275083_191094601,FriJan1,1,1451640396,01
#121F1F,1152765696121167966_2103175951,FriJan1,1,1451640401,01
#272424,1152765717496210213_512276799,FriJan1,1,1451640403,01
#352828,1152765746043612178_1144177746,FriJan1,1,1451640407,01
#6E4343,1152765846356201936_17714323,FriJan1,1,1451640419,01
#0A0404,1152765866018136371_28903383,FriJan1,1,1451640421,01
#626262,1152765862536459288_214792988,FriJan1,1,1451640421,01
#665454,1152765992023174457_297053146,FriJan1,1,1451640436,01
#3B3C3C,1152766070068995715_587441400,FriJan1,1,1451640445,01
#090606,1152766077139709635_320090538,FriJan1,1,1451640446,01
#3D4141,1152766171310785492_484321087,FriJan1,1,1451640457,01
#151919,1152766293653689792_356229452,FriJan1,1,1451640472,01
#272424,1152766412961724949_659751389,FriJan1,1,1451640486,01
#050505,1152766445587977596_223004276,FriJan1,1,1451640490,01
#4F6060,1152766599332243812_44942185,FriJan1,1,1451640509,01
#675757,1152766636274362618_316895905,FriJan1,1,1451640513,01
#242121,1152766660484267540_416906278,FriJan1,1,1451640516,01
#0F0A0A,1152766668883903605_221278856,FriJan1,1,1451640517,01
#573434,1152766687235708015_1443946444,FriJan1,1,1451640519,01
#261C1C,1152766727542623089_181366105,FriJan1,1,1451640524,01
#0E2828,1152766745858627839_351109693,FriJan1,1,1451640526,01
#816969,1152766755076475523_13318489,FriJan1,1,1451640527,01
#5A4747,1152766831764460366_2077382835,FriJan1,1,1451640536,01
#6A6262,1152767144935608157_235592098,FriJan1,1,1451640574,01
#8D4D4D,1152767264785592551_394713995,FriJan1,1,1451640588,01
#7F8383,1152767331263821932_247432541,FriJan1,1,1451640596,01
#517979,1152767373662076999_515349719,FriJan1,1,1451640601,01
#956F6F,1152767381873137564_2292828364,FriJan1,1,1451640602,01
#3B1717,1152767496545297580_30653256,FriJan1,1,1451640615,01
#544444,1152767501459571673_901706839,FriJan1,1,1451640616,01
#554242,1152767519279917633_2107724713,FriJan1,1,1451640618,01
#1C1313,1152767534907170053_714944006,FriJan1,1,1451640620,01
#271C1C,1152767532381867322_10693682,FriJan1,1,1451640620,01
#1B2020,1152767544870091362_1701426325,FriJan1,1,1451640621,01
#2B2121,1152767563661629734_196927357,FriJan1,1,1451640623,01
#202828,1152767573509048722_195061569,FriJan1,1,1451640625,01
#6E3E3E,1152767731502954812_283399365,FriJan1,1,1451640644,01
#754E4E,1152767757935226456_1684759138,FriJan1,1,1451640647,01
#1B1818,1152767766617361704_568584066,FriJan1,1,1451640648,01
#4C4949,1152767795514845721_8597825,FriJan1,1,1451640651,01
#5C4949,1152767914917915954_2246712458,FriJan1,1,1451640665,01
#4A4141,1152767969570071334_9642823,FriJan1,1,1451640672,01
#181F1F,1152767991975410552_376327205,FriJan1,1,1451640675,01
#2F1818,1152768028123091311_1399473347,FriJan1,1,1451640679,01
#786060,1152768064623527542_2221069912,FriJan1,1,1451640683,01
#230F0F,1152768074722751422_493099267,FriJan1,1,1451640684,01
#AC8080,1152768076598699031_11641240,FriJan1,1,1451640685,01
#D2A7A7,1152768110876736911_19768374,FriJan1,1,1451640689,01
#724848,1152768159037167966_180369773,FriJan1,1,1451640694,01
#958888,1152768213923313017_293699268,FriJan1,1,1451640701,01
#5D5353,1152768295133482922_14014322,FriJan1,1,1451640711,01
#151010,1152768352434762345_1770663051,FriJan1,1,1451640718,01
#424545,1152768599317177864_235820408,FriJan1,1,1451640747,01
#440909,1152768612344684301_20760406,FriJan1,1,1451640748,01
#060909,1152768628653497372_41526734,FriJan1,1,1451640750,01
#151111,1152768753543945973_469037566,FriJan1,1,1451640765,01
#814A4A,1152768878331765465_294576479,FriJan1,1,1451640780,01
#775050,1152768992577062704_1926457304,FriJan1,1,1451640794,01
#464646,1152769245332379613_1415516,FriJan1,1,1451640824,01
#3D2020,1152769301405875460_216264462,FriJan1,1,1451640831,01
#5B2F2F,1152769340964581097_488222538,FriJan1,1,1451640835,01
#5A4545,1152769385300050044_47254175,FriJan1,1,1451640841,01
#352323,1152769433484221005_38039181,FriJan1,1,1451640846,01
#362D2D,1152769459791176377_2200594455,FriJan1,1,1451640849,01
#341A1A,1152769563281174232_239929202,FriJan1,1,1451640862,01
#4B3535,1152769583378652376_2089047614,FriJan1,1,1451640864,01
#767474,1152769664102576733_30972955,FriJan1,1,1451640874,01
#110E0E,1152769779679875379_214827035,FriJan1,1,1451640888,01
#7A7676,1152769786911279676_1168257449,FriJan1,1,1451640889,01
#5F4646,1152769844123199159_315599024,FriJan1,1,1451640895,01
#492828,1152769838100011279_14133861,FriJan1,1,1451640895,01
#5C3F3F,1152769914837373653_420937275,FriJan1,1,1451640904,01
#3B2E2E,1152769978634366523_1441628866,FriJan1,1,1451640911,01
#181010,1152770104494507845_18816392,FriJan1,1,1451640926,01
#454848,1152770162417570203_493286123,FriJan1,1,1451640933,01
#242424,1152770176797079791_564497525,FriJan1,1,1451640935,01
#211111,1152770198364077208_1549642414,FriJan1,1,1451640938,01
#4A2727,1152770256304033137_2223817258,FriJan1,1,1451640944,01
#414F4F,1152770314359477499_2229110196,FriJan1,1,1451640951,01
#1C2E2E,1152770354567490785_681578,FriJan1,1,1451640956,01
#4C3232,1152770360222473453_2089047614,FriJan1,1,1451640957,01
#1D1B1B,1152770630023194019_2287935584,FriJan1,1,1451640989,01
#1A1515,1152770639261926902_1170983392,FriJan1,1,1451640990,01
#5E5D5D,1152770721183353354_615331713,FriJan1,1,1451641000,01
#6A6666,1152770742509887172_281144342,FriJan1,1,1451641002,01
#C57979,1152770737048703450_188484147,FriJan1,1,1451641002,01
#362323,1152770757656107222_1456400821,FriJan1,1,1451641004,01
#322F2F,1152770829077301082_18816392,FriJan1,1,1451641013,01
#1B1818,1152770858288475421_1340348386,FriJan1,1,1451641016,01
#6F4545,1152770943188786429_2089047614,FriJan1,1,1451641026,01
#947F7F,1152770984427948023_1705488360,FriJan1,1,1451641031,01
#3C2929,1152771005239033220_1704062334,FriJan1,1,1451641034,01
#0B0909,1152771144717129180_1744353028,FriJan1,1,1451641050,01
#476565,1152771157014390988_614562601,FriJan1,1,1451641052,01
#313232,1152771477876379295_16750386,FriJan1,1,1451641090,01
#421515,1152771802349277634_1466891,FriJan1,1,1451641129,01
#1D1818,1152771810249431008_197555020,FriJan1,1,1451641130,01
#2B2323,1152771844662816720_239998258,FriJan1,1,1451641134,01
#403333,1152771947053505811_2089047614,FriJan1,1,1451641146,01
#7C5F5F,1152772056941918266_413485317,FriJan1,1,1451641159,01
#393030,1152772069837982648_1994613025,FriJan1,1,1451641161,01
#739898,1152772083209278649_22912884,FriJan1,1,1451641162,01
#6D5454,1152772187034600986_357722416,FriJan1,1,1451641175,01
#3B1414,1152772220547256489_48152579,FriJan1,1,1451641179,01
#715252,1152772244169369216_2952376,FriJan1,1,1451641181,01
#0B1111,1152772245713354114_10352846,FriJan1,1,1451641182,01
#7E7878,1152772318149184512_288498042,FriJan1,1,1451641190,01
#0B0909,1152772346906030818_243393723,FriJan1,1,1451641194,01
#532D2D,1152772378790878673_1094563478,FriJan1,1,1451641197,01
#675757,1152772570679017890_1511527239,FriJan1,1,1451641220,01
#7E7E7E,1152772608535883155_20236338,FriJan1,1,1451641225,01
#1D1B1B,1152772764374281434_1410229490,FriJan1,1,1451641243,01
#0C1111,1152772808529148674_585066789,FriJan1,1,1451641249,01
#190F0F,1152772901818674613_282861610,FriJan1,1,1451641260,01
#170505,1152772921935527703_362558,FriJan1,1,1451641262,01
#665252,1152773306488060823_284649477,FriJan1,1,1451641308,01
#130707,1152773306109890779_16903811,FriJan1,1,1451641308,01
#402F2F,1152773380725333317_2089047614,FriJan1,1,1451641317,01
#6A5F5F,1152773547239478501_22912884,FriJan1,1,1451641337,01
#5A4E4E,1152773592193955420_195897812,FriJan1,1,1451641342,01
#1C1111,1152773628023644275_229339711,FriJan1,1,1451641346,01
#111313,1152773631628536754_4132553,FriJan1,1,1451641347,01
#2F3030,1152773641123092897_460236237,FriJan1,1,1451641348,01
#574B4B,1152773646242856065_1485063886,FriJan1,1,1451641349,01
#3D3A3A,1152773673463935959_476598931,FriJan1,1,1451641352,01
#581F1F,1152773686547550153_1309221378,FriJan1,1,1451641353,01
#403030,1152773704531714450_28580391,FriJan1,1,1451641355,01
#090505,1152773716352695070_585066789,FriJan1,1,1451641357,01
#150F0F,1152773745832720069_1548959188,FriJan1,1,1451641360,01
#8A9494,1152773853675117911_2261902678,FriJan1,1,1451641373,01
#5F6060,1152773903545326934_2089047614,FriJan1,1,1451641379,01
#140D0D,1152773939103129794_1632066143,FriJan1,1,1451641384,01
#737575,1152773950033856465_1180641504,FriJan1,1,1451641385,01
#121414,1152774004477044144_578872600,FriJan1,1,1451641391,01
#1D1717,1152774058381087611_210166475,FriJan1,1,1451641398,01
#1C1515,1152774109785068697_2124440100,FriJan1,1,1451641404,01
#8F8E8E,1152774222125605284_12325391,FriJan1,1,1451641417,01
#5D1313,1152774232359351485_318655044,FriJan1,1,1451641418,01
#181616,1152774231228996925_1535397102,FriJan1,1,1451641418,01
#453838,1152774273936234182_487372916,FriJan1,1,1451641423,01
#4B2C2C,1152774269634078960_1972494089,FriJan1,1,1451641423,01
#4D4141,1152774275909000072_1376349325,FriJan1,1,1451641424,01
#7B8585,1152774297424506280_268353082,FriJan1,1,1451641426,01
#241D1D,1152774327302093035_2316345509,FriJan1,1,1451641430,01
#838A8A,1152774406551710748_8802890,FriJan1,1,1451641439,01
#705757,1152774472391932992_221350974,FriJan1,1,1451641447,01
#312E2E,1152774550376446935_183569893,FriJan1,1,1451641456,01
#8F4848,1152774589045360289_537202384,FriJan1,1,1451641461,01
#898181,1152774639814584394_31423721,FriJan1,1,1451641467,01
#595353,1152774823288031170_325856584,FriJan1,1,1451641489,01
#434D4D,1152774823071091297_485392721,FriJan1,1,1451641489,01
#675B5B,1152774860368081916_476598931,FriJan1,1,1451641493,01
#4B2626,1152775038028305288_26666875,FriJan1,1,1451641514,01
#7D5B5B,1152775073035032298_487372916,FriJan1,1,1451641519,01
#7C4A4A,1152775082360289557_1506900109,FriJan1,1,1451641520,01
#968585,1152775091380208722_22147224,FriJan1,1,1451641521,01
#776868,1152775108391244236_17086187,FriJan1,1,1451641523,01
#ACA5A5,1152775232075686242_15218927,FriJan1,1,1451641538,01
#5D4D4D,1152775239490743670_1375983466,FriJan1,1,1451641539,01
#826F6F,1152775338559610733_390627886,FriJan1,1,1451641550,01
#2C2525,1152775352784683598_231410927,FriJan1,1,1451641552,01
#192929,1152775492492180121_55884461,FriJan1,1,1451641569,01
#9B5E5E,1152775545512176126_616560169,FriJan1,1,1451641575,01
#402E2E,1152775614602885462_471247253,FriJan1,1,1451641583,01
#171212,1152775610206038939_2986065,FriJan1,1,1451641583,01
#829999,1152775678979477526_1684759611,FriJan1,1,1451641591,01
#1A1616,1152775703404215134_585066789,FriJan1,1,1451641594,01
#402B2B,1152775735405683530_600743,FriJan1,1,1451641598,01
#181616,1152775788791029121_1395990982,FriJan1,1,1451641604,01
#472B2B,1152775878374630892_578872600,FriJan1,1,1451641615,01
#666060,1152775924805678308_2265167700,FriJan1,1,1451641620,01
#2E2727,1152775984681131050_570735326,FriJan1,1,1451641627,01
#0A1313,1152776010849475031_646639501,FriJan1,1,1451641630,01
#2E2F2F,1152776017858701203_1348975936,FriJan1,1,1451641631,01
#293F3F,1152776209406758335_53148458,FriJan1,1,1451641654,01
#050303,1152776225446222215_453433893,FriJan1,1,1451641656,01
#6E4646,1152776270078263510_1309055239,FriJan1,1,1451641661,01
#384D4D,1152776297530186246_2232929533,FriJan1,1,1451641665,01
#3D4545,1152776435193756627_704537701,FriJan1,1,1451641681,01
#613C3C,1152776455529190031_212749115,FriJan1,1,1451641683,01
#A0C8C8,1152776522954485377_24566834,FriJan1,1,1451641692,01
#2D2D2D,1152776582623674515_37307831,FriJan1,1,1451641699,01
#5D3939,1152776607074853536_361255,FriJan1,1,1451641702,01
#916B6B,1152776646837180897_10726573,FriJan1,1,1451641706,01
#363838,1152776656520204414_18239083,FriJan1,1,1451641707,01
#909C9C,1152776724003169396_2267360776,FriJan1,1,1451641715,01
#6D6C6C,1152776716487605096_1265411389,FriJan1,1,1451641715,01
#1A1818,1152776749490234600_642083192,FriJan1,1,1451641718,01
#935454,1152776768188066999_1625522826,FriJan1,1,1451641721,01
#110C0C,1152777170169157620_632406844,FriJan1,1,1451641769,01
#533A3A,1152777212987243279_814413,FriJan1,1,1451641774,01
#362020,1152777250416706869_194178920,FriJan1,1,1451641778,01
#7D6868,1152777359407128203_439046222,FriJan1,1,1451641791,01
#2B2424,1152777365783480751_2062209,FriJan1,1,1451641792,01
#241F1F,1152777470499014010_1023882736,FriJan1,1,1451641804,01
#120D0D,1152777609801348111_1170778820,FriJan1,1,1451641821,01
#574C4C,1152777759178018064_15224530,FriJan1,1,1451641839,01
#1D3737,1152777767665313305_578872600,FriJan1,1,1451641840,01
#674040,1152777783291956354_2000481298,FriJan1,1,1451641842,01
#564242,1152777842388835444_11995454,FriJan1,1,1451641849,01
#141313,1152777850241113522_1395990982,FriJan1,1,1451641850,01
#590D0D,1152777861626202421_509477689,FriJan1,1,1451641851,01
#323E3E,1152777899526131661_1386207882,FriJan1,1,1451641856,01
#4B2C2C,1152777950261695171_212749115,FriJan1,1,1451641862,01
#726464,1152777949588946202_452887494,FriJan1,1,1451641862,01
#4F6767,1152778066616798951_1744055914,FriJan1,1,1451641876,01
#865959,1152778546781054293_11641240,FriJan1,1,1451641933,01
#9D7A7A,1152778625627074430_2219882698,FriJan1,1,1451641942,01
#351E1E,1152778634952488264_318655044,FriJan1,1,1451641943,01
#020202,1152778659950909355_1286855404,FriJan1,1,1451641946,01
#5C5656,1152778805971116279_181605119,FriJan1,1,1451641964,01
#393A3A,1152778816830875101_28369904,FriJan1,1,1451641965,01
#6E4848,1152778881602712645_789565028,FriJan1,1,1451641973,01
#623737,1152778896436075345_15367277,FriJan1,1,1451641974,01
#261E1E,1152778926020795025_511275421,FriJan1,1,1451641978,01
#493434,1152778937828121711_1996169870,FriJan1,1,1451641979,01
#5F4848,1152778939252665865_1340348386,FriJan1,1,1451641980,01
#623636,1152778947902936821_20329964,FriJan1,1,1451641981,01
#626565,1152779079711165643_288498042,FriJan1,1,1451641996,01
#191A1A,1152779085907857433_388075611,FriJan1,1,1451641997,01
#171C1C,1152779278890637693_14623397,FriJan1,1,1451642020,01
#062121,1152779311335916607_325856584,FriJan1,1,1451642024,01
#211313,1152779319752979863_341994796,FriJan1,1,1451642025,01
#432424,1152779331888391663_2198906960,FriJan1,1,1451642026,01
#272626,1152779361359525717_429388868,FriJan1,1,1451642030,01
#4D4040,1152779473890389626_1704856610,FriJan1,1,1451642043,01
#5C4545,1152779591958856888_1196690448,FriJan1,1,1451642057,01
#362222,1152779662468267739_4708534,FriJan1,1,1451642066,01
#392626,1152779691156455107_1384532702,FriJan1,1,1451642069,01
#584B4B,1152779733970975700_585066789,FriJan1,1,1451642074,01
#823B3B,1152779745211293212_2049696382,FriJan1,1,1451642076,01
#ADA6A6,1152779852420350962_1655073967,FriJan1,1,1451642088,01
#232121,1152779922060861510_6267295,FriJan1,1,1451642097,01
#B57070,1152779931080083519_746548729,FriJan1,1,1451642098,01
#523535,1152780358564202643_39709369,FriJan1,1,1451642149,01
#221010,1152780369282844426_357722416,FriJan1,1,1451642150,01
#0B0808,1152780403635079874_578158281,FriJan1,1,1451642154,01
#5C1515,1152780437414204696_23151524,FriJan1,1,1451642158,01
#4C4040,1152780443076436005_21526447,FriJan1,1,1451642159,01
#332B2B,1152780442524562418_21098179,FriJan1,1,1451642159,01
#6D1F1F,1152780557992399412_1464601859,FriJan1,1,1451642173,01
#5A3D3D,1152780590600483936_5038388,FriJan1,1,1451642176,01
#504545,1152780660888173585_318772942,FriJan1,1,1451642185,01
#241818,1152780675415498249_7886238,FriJan1,1,1451642187,01
#090505,1152780710387517028_1304596152,FriJan1,1,1451642191,01
#0D0909,1152780826380724120_18449984,FriJan1,1,1451642205,01
#3E5454,1152780864661423181_229865192,FriJan1,1,1451642209,01
#211717,1152780901629988216_708350162,FriJan1,1,1451642214,01
#AAAAAA,1152780946157567697_1490195990,FriJan1,1,1451642219,01
#2C1616,1152781033424958950_375251676,FriJan1,1,1451642229,01
#A43838,1152781102834740468_328749058,FriJan1,1,1451642237,01
#070303,1152781161845681152_634636210,FriJan1,1,1451642245,01
#332727,1152781351624018300_902574001,FriJan1,1,1451642267,01
#534A4A,1152781355613092257_426875189,FriJan1,1,1451642268,01
#4A4A4A,1152781409304374023_188439281,FriJan1,1,1451642274,01
#462525,1152781601520244501_1770413604,FriJan1,1,1451642297,01
#1E1717,1152781737919044739_1349753638,FriJan1,1,1451642313,01
#3F2B2B,1152781736307758475_182582980,FriJan1,1,1451642313,01
#693838,1152781778234965479_1403573902,FriJan1,1,1451642318,01
#9B6363,1152781901506563185_11389882,FriJan1,1,1451642333,01
#100E0E,1152781959856046226_228573247,FriJan1,1,1451642340,01
#699A9A,1152782061259313171_1700799979,FriJan1,1,1451642352,01
#4E2D2D,1152782085960684236_26681971,FriJan1,1,1451642355,01
#010000,1152782250178730640_324864565,FriJan1,1,1451642374,01
#734848,1152782415920386877_212749115,FriJan1,1,1451642394,01
#7D6E6E,1162899462563857264_198706823,FriJan15,15,1452848440,01
#6B4343,1162899749925278486_1359998059,FriJan15,15,1452848474,01
#452929,1162899875569319176_1832542,FriJan15,15,1452848489,01
#251515,1162899908966277824_241144407,FriJan15,15,1452848493,01
#7F8888,1162900014988432969_182582980,FriJan15,15,1452848506,01
#363636,1162900163835206823_248882310,FriJan15,15,1452848524,01
#8C7A7A,1162900225760216012_1505842607,FriJan15,15,1452848531,01
#442929,1162900266518087848_375150289,FriJan15,15,1452848536,01
#C28181,1162900482468825118_1930868025,FriJan15,15,1452848562,01
#6D6767,1162900512935550661_197032342,FriJan15,15,1452848565,01
#D4AFAF,1162901574085246708_309646534,FriJan15,15,1452848692,01
#142323,1162901730288886382_11175919,FriJan15,15,1452848710,01
#664040,1162901989566249544_1482618133,FriJan15,15,1452848741,01
#717171,1162901994496514909_4110949,FriJan15,15,1452848742,01
#1B0606,1162902135890144002_1524574505,FriJan15,15,1452848759,01
#646F6F,1162902879346724580_1440143938,FriJan15,15,1452848847,01
#584C4C,1162904641842377980_199542748,FriJan15,15,1452849057,01
#786D6D,1162904694465436851_2549019038,FriJan15,15,1452849064,01
#6A7474,1162906231148617894_271878303,FriJan15,15,1452849247,01
#AD9090,1162906357301863151_1271525343,FriJan15,15,1452849262,01
#9F8A8A,1162907526951779175_616736453,FriJan15,15,1452849401,01
#A89090,1162907851439747043_6041290,FriJan15,15,1452849440,01
#6F7F7F,1162908180544429302_2549019038,FriJan15,15,1452849479,01
#835858,1162908289224680719_1490371544,FriJan15,15,1452849492,01
#C03636,1162908635312680718_1757225762,FriJan15,15,1452849533,01
#BF7575,1162909217265952550_182842696,FriJan15,15,1452849603,01
#7A7777,1162909804326281750_312048063,FriJan15,15,1452849673,01
#CD9797,1162909991004193444_20630943,FriJan15,15,1452849695,01
#959A9A,1162910201577735571_30208584,FriJan15,15,1452849720,01
#879090,1162911588094162694_290605620,FriJan15,15,1452849885,01
#A98C8C,1162911847237638123_225293156,FriJan15,15,1452849916,01
#8A7474,1162911993147241027_1798446355,FriJan15,15,1452849934,01
#6B9292,1162912044025984167_1502178148,FriJan15,15,1452849940,01
#5D3A3A,1162913049062108683_16555218,FriJan15,15,1452850060,01
#704747,1162913462033881524_175040805,FriJan15,15,1452850109,01
#6D2323,1162914079536682475_1980716380,FriJan15,15,1452850182,01
#050909,1162914375639248361_2189992826,FriJan15,15,1452850218,01
#968B8B,1162914502107143531_2549019038,FriJan15,15,1452850233,01
#927474,1162914669250683791_1573204551,FriJan15,15,1452850253,01
#260C0C,1162914808173914024_356999056,FriJan15,15,1452850269,01
#6D4242,1162914963489573866_1107714625,FriJan15,15,1452850288,01
#928181,1162915308042943204_1119609317,FriJan15,15,1452850329,01
#7E2828,1162915694075287050_1980716380,FriJan15,15,1452850375,01
#B38E8E,1162916026593545091_294138553,FriJan15,15,1452850415,01
#397171,1162916491121153590_515848604,FriJan15,15,1452850470,01
#553333,1162916533046614670_13217821,FriJan15,15,1452850475,01
#5F5C5C,1162916600272324549_479347240,FriJan15,15,1452850483,01
#1E1313,1162916837257642023_1434766023,FriJan15,15,1452850511,01
#353535,1162917742046227651_2219882698,FriJan15,15,1452850619,01
#3F3030,1162919386304321088_1980716380,FriJan15,15,1452850815,01
#727272,1162920146641241040_226763215,FriJan15,15,1452850906,01
#BAAFAF,1162920606294458725_2531727671,FriJan15,15,1452850960,01
#565B5B,1162921383740094718_3970557,FriJan15,15,1452851053,01
#8C4545,1162921627923706486_577200187,FriJan15,15,1452851082,01
#979797,1162922549421804084_323576281,FriJan15,15,1452851192,01
#555252,1162924461713253350_33150503,FriJan15,15,1452851420,01
#9FA2A2,1162924540845004172_190727468,FriJan15,15,1452851430,01
#6B5858,1162924663218955221_196533383,FriJan15,15,1452851444,01
#9D9A9A,1162925257745116023_315503721,FriJan15,15,1452851515,01
#1B1313,1162925315408628849_1440143938,FriJan15,15,1452851522,01
#A97272,1162925329426118400_966854060,FriJan15,15,1452851524,01
#815252,1162925412571869352_1658396979,FriJan15,15,1452851533,01
#CBA7A7,1162925642598020868_966854060,FriJan15,15,1452851561,01
#595E5E,1162927211851883665_344891096,FriJan15,15,1452851748,01
#868383,1162927787486423870_1216750969,FriJan15,15,1452851816,01
#393737,1162928109407222125_1925235557,FriJan15,15,1452851855,01
